﻿RASTERVALUE,Vegetation
1,Rainforest and vine thickets
2,Eucalyptus tall open forest
3,Eucalyptus open forest
4,Eucalyptus low open forest
5,Eucalyptus woodlands
6,Acacia forests and woodlands
7,Callitris forests and woodlands
8,Casuarina forests and woodlands
9,Melaleuca forests and woodlands
10,Other forests and woodlands
11,Eucalyptus open woodlands
12,Tropical Eucalypt Woodlands/Grasslands
13,Acacia open woodlands
14,Low closed forest and tall closed shrubland
15,Low Closed Forests and Tall Closed Shrublands
16,Acacia shrublands
17,Other shrublands
18,Heath
19,Tussock grasslands
20,Hummock Grasslands
21,"Other grasslands, herblands, sedgelands and rushlands"
22,"Chenopod shrublands, samphire shrubs and forblands"
23,Mangroves
24,"Inland aquatic - fresh water, salt lakes, lagoons"
25,"Cleared, non-native vegetation, buildings"
26,Unclassified native vegetation
27,"Naturally bare -sand, rocks, claypan, mudflat"
28,Sea and estuaries
29,"Regrowth, modified native vegetation"
30,Unclassified forest
31,Other Open Woodlands
32,Mallee Open Woodlands and Sparse Shrublands
99,Unknown/no data
